[{"name":"Tribu Club","funds":211.0,"wonMatches":1,"lostMatches":5,"scoredPoints":4,"concededPoints":8,"playerList":[{"name":"Samantha Grandy","speed":34,"endurance":54,"trickery":53,"value":35.25,"scoredPoints":0,"pWonGames":1,"pLostGames":5},{"name":"Solomon Ivery","speed":37,"endurance":46,"trickery":59,"value":35.25,"scoredPoints":0,"pWonGames":1,"pLostGames":5},{"accuracy":74,"name":"Kristen Lynn","speed":54,"endurance":59,"trickery":60,"value":42.0,"scoredPoints":3,"pWonGames":1,"pLostGames":5},{"accuracy":72,"name":"Sophie Hanson","speed":52,"endurance":43,"trickery":48,"value":33.0,"scoredPoints":0,"pWonGames":0,"pLostGames":1}],"matchesTeamPlayedArrayList":[{"rival":"Filos Team","scoredGoals":1,"concededGoals":2,"result":"lost","detail":["Tribu Club attack!\n","Kristen Lynn chooses to dribble and succeed!","Kristen Lynn shoots and ... scores 1 point!\n","Oscar Placencia chooses to keep running and fails!\n","Filos Team attack!\n","Shamika Belser chooses to outrun and succeed!","Shamika Belser shoots and ... misses!\n","Alton Worley chooses to dribble and succeed!","Alton Worley shoots and ... scores 1 point!\n","Match Draw!","Initializing deathmatch!","Alton Worley chooses to outrun and succeed!","Alton Worley shoots and ... scores 1 point!\n","\nFilos Team win the game 1/2"]},{"rival":"Real Malos FC","scoredGoals":0,"concededGoals":1,"result":"lost","detail":["Tribu Club attack!\n","Kristen Lynn chooses to dribble and succeed!","Kristen Lynn shoots and ... misses!\n","Oscar Placencia chooses to keep running and fails!\n","Real Malos FC attack!\n","Clint Bobb chooses to outrun and succeed!","Clint Bobb shoots and ... misses!\n","Maranda Solberg chooses to dribble and succeed!","Maranda Solberg shoots and ... scores 1 point!\n","Real Malos FC win the game 0/1"]},{"rival":"FC Kikos","scoredGoals":2,"concededGoals":1,"result":"win","detail":["Tribu Club attack!\n","Kristen Lynn chooses to outrun and succeed!","Kristen Lynn shoots and ... scores 1 point!\n","Oscar Placencia chooses to dribble and succeed!","Oscar Placencia shoots and ... scores 1 point!\n","FC Kikos attack!\n","Cedric Lawyer chooses to keep running and fails!\n","Athena Markel chooses to outrun and succeed!","Athena Markel shoots and ... scores 1 point!\n","Tribu Club win the game 2/1"]},{"rival":"FC Kikos","scoredGoals":0,"concededGoals":1,"result":"lost","detail":["Tribu Club attack!\n","Kristen Lynn chooses to dribble and fails!\n","Oscar Placencia chooses to keep running and fails!\n","FC Kikos attack!\n","Cedric Lawyer chooses to outrun and succeed!","Cedric Lawyer shoots and ... misses!\n","Athena Markel chooses to outrun and succeed!","Athena Markel shoots and ... misses!\n","Match Draw!","Initializing deathmatch!","Athena Markel chooses to outrun and succeed!","Athena Markel shoots and ... scores 1 point!\n","\nFC Kikos win the game 0/1"]},{"rival":"Dinamos de Marte","scoredGoals":1,"concededGoals":2,"result":"lost","detail":["Tribu Club attack!\n","Kristen Lynn chooses to outrun and succeed!","Kristen Lynn shoots and ... scores 1 point!\n","Oscar Placencia chooses to keep running and fails!\n","Dinamos de Marte attack!\n","Dominque Quattlebaum chooses to dribble and succeed!","Dominque Quattlebaum shoots and ... scores 1 point!\n","Bernice Harbison chooses to dribble and fails!\n","Match Draw!","Initializing deathmatch!","Bernice Harbison chooses to outrun and succeed!","Bernice Harbison shoots and ... scores 1 point!\n","\nDinamos de Marte win the game 1/2"]},{"rival":"Filos Team","scoredGoals":0,"concededGoals":1,"result":"lost","detail":["Tribu Club attack!\n","Kristen Lynn chooses to outrun and succeed!","Kristen Lynn shoots and ... misses!\n","Sophie Hanson chooses to keep running and fails!\n","Filos Team attack!\n","Shamika Belser chooses to outrun and succeed!","Shamika Belser shoots and ... scores 1 point!\n","Alton Worley chooses to keep running and fails!\n","Filos Team win the game 0/1"]}]},{"name":"Filos Team","funds":294.0,"wonMatches":3,"lostMatches":2,"scoredPoints":4,"concededPoints":3,"playerList":[{"name":"Keri Hewitt","speed":48,"endurance":43,"trickery":50,"value":35.25,"scoredPoints":0,"pWonGames":3,"pLostGames":2},{"name":"Jane Dalessio","speed":48,"endurance":67,"trickery":54,"value":42.0,"scoredPoints":0,"pWonGames":3,"pLostGames":2},{"accuracy":70,"name":"Shamika Belser","speed":50,"endurance":45,"trickery":52,"value":34.0,"scoredPoints":2,"pWonGames":3,"pLostGames":2},{"accuracy":62,"name":"Alton Worley","speed":42,"endurance":43,"trickery":77,"value":33.0,"scoredPoints":2,"pWonGames":3,"pLostGames":2}],"matchesTeamPlayedArrayList":[{"rival":"Tribu Club","scoredGoals":2,"concededGoals":1,"result":"win","detail":["Tribu Club attack!\n","Kristen Lynn chooses to dribble and succeed!","Kristen Lynn shoots and ... scores 1 point!\n","Oscar Placencia chooses to keep running and fails!\n","Filos Team attack!\n","Shamika Belser chooses to outrun and succeed!","Shamika Belser shoots and ... misses!\n","Alton Worley chooses to dribble and succeed!","Alton Worley shoots and ... scores 1 point!\n","Match Draw!","Initializing deathmatch!","Alton Worley chooses to outrun and succeed!","Alton Worley shoots and ... scores 1 point!\n","\nFilos Team win the game 1/2"]},{"rival":"Baltazar Club","scoredGoals":0,"concededGoals":1,"result":"lost","detail":["Filos Team attack!\n","Shamika Belser chooses to outrun and fails!\n","Alton Worley chooses to keep running and fails!\n","Baltazar Club attack!\n","Bennett Pillar chooses to keep running and succeed!","Bennett Pillar shoots and ... misses!\n","Lindsey Luster chooses to keep running and fails!\n","Match Draw!","Initializing deathmatch!","Lindsey Luster chooses to keep running and succeed!","Lindsey Luster shoots and ... scores 1 point!\n","\nBaltazar Club win the game 0/1"]},{"rival":"Futbol Club Real","scoredGoals":1,"concededGoals":0,"result":"win","detail":["Filos Team attack!\n","Shamika Belser chooses to outrun and succeed!","Shamika Belser shoots and ... scores 1 point!\n","Alton Worley chooses to dribble and succeed!","Alton Worley shoots and ... misses!\n","Futbol Club Real attack!\n","Jonelle Moroney chooses to dribble and fails!\n","Armando Dion chooses to keep running and fails!\n","Filos Team win the game 1/0"]},{"rival":"Dinamos de Marte","scoredGoals":0,"concededGoals":1,"result":"lost","detail":["Dinamos de Marte attack!\n","Dominque Quattlebaum chooses to keep running and succeed!","Dominque Quattlebaum shoots and ... scores 1 point!\n","Bernice Harbison chooses to outrun and fails!\n","Filos Team attack!\n","Shamika Belser chooses to dribble and fails!\n","Alton Worley chooses to outrun and succeed!","Alton Worley shoots and ... misses!\n","Dinamos de Marte win the game 1/0"]},{"rival":"Tribu Club","scoredGoals":1,"concededGoals":0,"result":"win","detail":["Tribu Club attack!\n","Kristen Lynn chooses to outrun and succeed!","Kristen Lynn shoots and ... misses!\n","Sophie Hanson chooses to keep running and fails!\n","Filos Team attack!\n","Shamika Belser chooses to outrun and succeed!","Shamika Belser shoots and ... scores 1 point!\n","Alton Worley chooses to keep running and fails!\n","Filos Team win the game 0/1"]}]},{"name":"Real Malos FC","funds":248.0,"wonMatches":0,"lostMatches":0,"scoredPoints":3,"concededPoints":5,"playerList":[{"name":"Faith Wolverton","speed":54,"endurance":51,"trickery":42,"value":36.75,"scoredPoints":0,"pWonGames":1,"pLostGames":3},{"name":"Lily Juhl","speed":45,"endurance":54,"trickery":55,"value":38.25,"scoredPoints":0,"pWonGames":1,"pLostGames":3},{"accuracy":72,"name":"Clint Bobb","speed":52,"endurance":61,"trickery":61,"value":41.0,"scoredPoints":2,"pWonGames":1,"pLostGames":3},{"accuracy":58,"name":"Maranda Solberg","speed":38,"endurance":58,"trickery":60,"value":30.0,"scoredPoints":1,"pWonGames":1,"pLostGames":3}],"matchesTeamPlayedArrayList":[{"rival":"Tribu Club","scoredGoals":1,"concededGoals":0,"result":"win","detail":["Tribu Club attack!\n","Kristen Lynn chooses to dribble and succeed!","Kristen Lynn shoots and ... misses!\n","Oscar Placencia chooses to keep running and fails!\n","Real Malos FC attack!\n","Clint Bobb chooses to outrun and succeed!","Clint Bobb shoots and ... misses!\n","Maranda Solberg chooses to dribble and succeed!","Maranda Solberg shoots and ... scores 1 point!\n","Real Malos FC win the game 0/1"]},{"rival":"Polis FC","scoredGoals":1,"concededGoals":2,"result":"lost","detail":["Polis FC attack!\n","Stuart Gourley chooses to keep running and fails!\n","Parker Hohn chooses to keep running and succeed!","Parker Hohn shoots and ... scores 1 point!\n","Real Malos FC attack!\n","Clint Bobb chooses to outrun and succeed!","Clint Bobb shoots and ... scores 1 point!\n","Maranda Solberg chooses to dribble and fails!\n","Match Draw!","Initializing deathmatch!","Maranda Solberg chooses to outrun and fails!\n","\nCherise Blount retakes the ball and.. scores 1 point","\nPolis FC win the game 2/1"]},{"rival":"Dinamos de Marte","scoredGoals":0,"concededGoals":1,"result":"lost","detail":["Real Malos FC attack!\n","Clint Bobb chooses to keep running and fails!\n","Maranda Solberg chooses to outrun and fails!\n","Dinamos de Marte attack!\n","Dominque Quattlebaum chooses to dribble and succeed!","Dominque Quattlebaum shoots and ... scores 1 point!\n","Bernice Harbison chooses to keep running and fails!\n","Dinamos de Marte win the game 0/1"]},{"rival":"Futbol Club Real","scoredGoals":1,"concededGoals":2,"result":"lost","detail":["Real Malos FC attack!\n","Clint Bobb chooses to outrun and succeed!","Clint Bobb shoots and ... scores 1 point!\n","Maranda Solberg chooses to outrun and fails!\n","Futbol Club Real attack!\n","Jonelle Moroney chooses to dribble and succeed!","Jonelle Moroney shoots and ... scores 1 point!\n","Armando Dion chooses to outrun and succeed!","Armando Dion shoots and ... scores 1 point!\n","Futbol Club Real win the game 1/2"]}]},{"name":"FC Kikos","funds":244.0,"wonMatches":0,"lostMatches":0,"scoredPoints":5,"concededPoints":5,"playerList":[{"name":"Alysia Saucier","speed":43,"endurance":63,"trickery":61,"value":41.25,"scoredPoints":1,"pWonGames":2,"pLostGames":2},{"name":"Dana Banner","speed":38,"endurance":54,"trickery":57,"value":36.75,"scoredPoints":0,"pWonGames":2,"pLostGames":2},{"accuracy":70,"name":"Cedric Lawyer","speed":50,"endurance":48,"trickery":53,"value":35.0,"scoredPoints":0,"pWonGames":2,"pLostGames":2},{"accuracy":63,"name":"Athena Markel","speed":43,"endurance":64,"trickery":44,"value":31.0,"scoredPoints":4,"pWonGames":2,"pLostGames":2}],"matchesTeamPlayedArrayList":[{"rival":"Tribu Club","scoredGoals":1,"concededGoals":2,"result":"lost","detail":["Tribu Club attack!\n","Kristen Lynn chooses to outrun and succeed!","Kristen Lynn shoots and ... scores 1 point!\n","Oscar Placencia chooses to dribble and succeed!","Oscar Placencia shoots and ... scores 1 point!\n","FC Kikos attack!\n","Cedric Lawyer chooses to keep running and fails!\n","Athena Markel chooses to outrun and succeed!","Athena Markel shoots and ... scores 1 point!\n","Tribu Club win the game 2/1"]},{"rival":"Tribu Club","scoredGoals":1,"concededGoals":0,"result":"win","detail":["Tribu Club attack!\n","Kristen Lynn chooses to dribble and fails!\n","Oscar Placencia chooses to keep running and fails!\n","FC Kikos attack!\n","Cedric Lawyer chooses to outrun and succeed!","Cedric Lawyer shoots and ... misses!\n","Athena Markel chooses to outrun and succeed!","Athena Markel shoots and ... misses!\n","Match Draw!","Initializing deathmatch!","Athena Markel chooses to outrun and succeed!","Athena Markel shoots and ... scores 1 point!\n","\nFC Kikos win the game 0/1"]},{"rival":"FC Kikos","scoredGoals":2,"concededGoals":1,"result":"win","detail":["FC Kikos attack!\n","Cedric Lawyer chooses to keep running and fails!\n","Athena Markel chooses to keep running and succeed!","Athena Markel shoots and ... scores 1 point!\n","FC Kikos attack!\n","Cedric Lawyer chooses to keep running and fails!\n","Athena Markel chooses to keep running and succeed!","Athena Markel shoots and ... scores 1 point!\n","Match Draw!","Initializing deathmatch!","Athena Markel chooses to outrun and fails!\n","\nAlysia Saucier retakes the ball and.. scores 1 point","\nFC Kikos win the game 2/1"]},{"rival":"FC Kikos","scoredGoals":1,"concededGoals":2,"result":"lost","detail":["FC Kikos attack!\n","Cedric Lawyer chooses to keep running and fails!\n","Athena Markel chooses to keep running and succeed!","Athena Markel shoots and ... scores 1 point!\n","FC Kikos attack!\n","Cedric Lawyer chooses to keep running and fails!\n","Athena Markel chooses to keep running and succeed!","Athena Markel shoots and ... scores 1 point!\n","Match Draw!","Initializing deathmatch!","Athena Markel chooses to outrun and fails!\n","\nAlysia Saucier retakes the ball and.. scores 1 point","\nFC Kikos win the game 2/1"]}]},{"name":"Polis FC","funds":370.0,"wonMatches":0,"lostMatches":0,"scoredPoints":2,"concededPoints":2,"playerList":[{"name":"Cherise Blount","speed":38,"endurance":56,"trickery":53,"value":36.75,"scoredPoints":1,"pWonGames":1,"pLostGames":1},{"name":"Crystal Ray","speed":41,"endurance":62,"trickery":64,"value":41.25,"scoredPoints":0,"pWonGames":1,"pLostGames":1},{"accuracy":65,"name":"Stuart Gourley","speed":45,"endurance":46,"trickery":64,"value":33.0,"scoredPoints":0,"pWonGames":1,"pLostGames":1},{"accuracy":73,"name":"Parker Hohn","speed":53,"endurance":70,"trickery":48,"value":41.0,"scoredPoints":1,"pWonGames":1,"pLostGames":1}],"matchesTeamPlayedArrayList":[{"rival":"Dinamos de Marte","scoredGoals":0,"concededGoals":1,"result":"lost","detail":["Dinamos de Marte attack!\n","Dominque Quattlebaum chooses to dribble and succeed!","Dominque Quattlebaum shoots and ... misses!\n","Bernice Harbison chooses to dribble and fails!\n","Polis FC attack!\n","Stuart Gourley chooses to outrun and fails!\n","Parker Hohn chooses to dribble and fails!\n","Match Draw!","Initializing deathmatch!","Stuart Gourley chooses to outrun and fails!\n","\nKathrine Stroman retakes the ball and.. scores 1 point","\nDinamos de Marte win the game 1/0"]},{"rival":"Real Malos FC","scoredGoals":2,"concededGoals":1,"result":"win","detail":["Polis FC attack!\n","Stuart Gourley chooses to keep running and fails!\n","Parker Hohn chooses to keep running and succeed!","Parker Hohn shoots and ... scores 1 point!\n","Real Malos FC attack!\n","Clint Bobb chooses to outrun and succeed!","Clint Bobb shoots and ... scores 1 point!\n","Maranda Solberg chooses to dribble and fails!\n","Match Draw!","Initializing deathmatch!","Maranda Solberg chooses to outrun and fails!\n","\nCherise Blount retakes the ball and.. scores 1 point","\nPolis FC win the game 2/1"]}]},{"name":"Dinamos de Marte","funds":319.0,"wonMatches":0,"lostMatches":0,"scoredPoints":5,"concededPoints":1,"playerList":[{"name":"Kathrine Stroman","speed":47,"endurance":64,"trickery":62,"value":42.75,"scoredPoints":1,"pWonGames":4,"pLostGames":0},{"name":"Breanne Billiot","speed":40,"endurance":61,"trickery":60,"value":39.75,"scoredPoints":0,"pWonGames":4,"pLostGames":0},{"accuracy":72,"name":"Dominque Quattlebaum","speed":52,"endurance":50,"trickery":60,"value":38.0,"scoredPoints":3,"pWonGames":4,"pLostGames":0},{"accuracy":61,"name":"Bernice Harbison","speed":48,"endurance":47,"trickery":52,"value":29.0,"scoredPoints":1,"pWonGames":4,"pLostGames":0}],"matchesTeamPlayedArrayList":[{"rival":"Tribu Club","scoredGoals":2,"concededGoals":1,"result":"win","detail":["Tribu Club attack!\n","Kristen Lynn chooses to outrun and succeed!","Kristen Lynn shoots and ... scores 1 point!\n","Oscar Placencia chooses to keep running and fails!\n","Dinamos de Marte attack!\n","Dominque Quattlebaum chooses to dribble and succeed!","Dominque Quattlebaum shoots and ... scores 1 point!\n","Bernice Harbison chooses to dribble and fails!\n","Match Draw!","Initializing deathmatch!","Bernice Harbison chooses to outrun and succeed!","Bernice Harbison shoots and ... scores 1 point!\n","\nDinamos de Marte win the game 1/2"]},{"rival":"Filos Team","scoredGoals":1,"concededGoals":0,"result":"win","detail":["Dinamos de Marte attack!\n","Dominque Quattlebaum chooses to keep running and succeed!","Dominque Quattlebaum shoots and ... scores 1 point!\n","Bernice Harbison chooses to outrun and fails!\n","Filos Team attack!\n","Shamika Belser chooses to dribble and fails!\n","Alton Worley chooses to outrun and succeed!","Alton Worley shoots and ... misses!\n","Dinamos de Marte win the game 1/0"]},{"rival":"Polis FC","scoredGoals":1,"concededGoals":0,"result":"win","detail":["Dinamos de Marte attack!\n","Dominque Quattlebaum chooses to dribble and succeed!","Dominque Quattlebaum shoots and ... misses!\n","Bernice Harbison chooses to dribble and fails!\n","Polis FC attack!\n","Stuart Gourley chooses to outrun and fails!\n","Parker Hohn chooses to dribble and fails!\n","Match Draw!","Initializing deathmatch!","Stuart Gourley chooses to outrun and fails!\n","\nKathrine Stroman retakes the ball and.. scores 1 point","\nDinamos de Marte win the game 1/0"]},{"rival":"Real Malos FC","scoredGoals":1,"concededGoals":0,"result":"win","detail":["Real Malos FC attack!\n","Clint Bobb chooses to keep running and fails!\n","Maranda Solberg chooses to outrun and fails!\n","Dinamos de Marte attack!\n","Dominque Quattlebaum chooses to dribble and succeed!","Dominque Quattlebaum shoots and ... scores 1 point!\n","Bernice Harbison chooses to keep running and fails!\n","Dinamos de Marte win the game 0/1"]}]},{"name":"Futbol Club Real","funds":161.0,"wonMatches":0,"lostMatches":0,"scoredPoints":2,"concededPoints":2,"playerList":[{"name":"Lucia Leflore","speed":39,"endurance":58,"trickery":55,"value":37.5,"scoredPoints":0,"pWonGames":1,"pLostGames":1},{"name":"Melina Messinger","speed":48,"endurance":47,"trickery":61,"value":39.0,"scoredPoints":0,"pWonGames":1,"pLostGames":1},{"accuracy":73,"name":"Jonelle Moroney","speed":53,"endurance":59,"trickery":47,"value":38.0,"scoredPoints":1,"pWonGames":1,"pLostGames":1},{"accuracy":70,"name":"Armando Dion","speed":50,"endurance":48,"trickery":51,"value":34.0,"scoredPoints":1,"pWonGames":1,"pLostGames":1}],"matchesTeamPlayedArrayList":[{"rival":"Filos Team","scoredGoals":0,"concededGoals":1,"result":"lost","detail":["Filos Team attack!\n","Shamika Belser chooses to outrun and succeed!","Shamika Belser shoots and ... scores 1 point!\n","Alton Worley chooses to dribble and succeed!","Alton Worley shoots and ... misses!\n","Futbol Club Real attack!\n","Jonelle Moroney chooses to dribble and fails!\n","Armando Dion chooses to keep running and fails!\n","Filos Team win the game 1/0"]},{"rival":"Real Malos FC","scoredGoals":2,"concededGoals":1,"result":"win","detail":["Real Malos FC attack!\n","Clint Bobb chooses to outrun and succeed!","Clint Bobb shoots and ... scores 1 point!\n","Maranda Solberg chooses to outrun and fails!\n","Futbol Club Real attack!\n","Jonelle Moroney chooses to dribble and succeed!","Jonelle Moroney shoots and ... scores 1 point!\n","Armando Dion chooses to outrun and succeed!","Armando Dion shoots and ... scores 1 point!\n","Futbol Club Real win the game 1/2"]}]},{"name":"Baltazar Club","funds":346.0,"wonMatches":0,"lostMatches":0,"scoredPoints":1,"concededPoints":0,"playerList":[{"name":"Joey Schram","speed":51,"endurance":61,"trickery":57,"value":42.0,"scoredPoints":0,"pWonGames":1,"pLostGames":0},{"name":"Peggy Crews","speed":44,"endurance":64,"trickery":45,"value":38.25,"scoredPoints":0,"pWonGames":1,"pLostGames":0},{"accuracy":62,"name":"Bennett Pillar","speed":42,"endurance":48,"trickery":47,"value":27.0,"scoredPoints":0,"pWonGames":1,"pLostGames":0},{"accuracy":58,"name":"Lindsey Luster","speed":38,"endurance":53,"trickery":54,"value":27.0,"scoredPoints":1,"pWonGames":1,"pLostGames":0}],"matchesTeamPlayedArrayList":[{"rival":"Filos Team","scoredGoals":1,"concededGoals":0,"result":"win","detail":["Filos Team attack!\n","Shamika Belser chooses to outrun and fails!\n","Alton Worley chooses to keep running and fails!\n","Baltazar Club attack!\n","Bennett Pillar chooses to keep running and succeed!","Bennett Pillar shoots and ... misses!\n","Lindsey Luster chooses to keep running and fails!\n","Match Draw!","Initializing deathmatch!","Lindsey Luster chooses to keep running and succeed!","Lindsey Luster shoots and ... scores 1 point!\n","\nBaltazar Club win the game 0/1"]}]}]